<?xml version="1.0" encoding="ISO-8859-1"?>

<document>
 <properties>
  <title>Java date and time API - Hibernate support - License</title>
  <author>Stephen Colebourne</author>
 </properties>

<body>

<section name="License information">
<p>
Joda-Time source code is released under the business-friendly
<a href="license.html">Apache 2.0 license</a>.
This is the same license as <a href="http://ant.apache.org">Ant</a>,
<a href="http://www.springsource.org">Spring</a>,
<a href="http://tomcat.apache.org">Tomcat</a> and
<a href="http://jakarta.apache.org">Jakarta</a>.
</p>
<p>
The Hibernate support contributed library depends on
<a href="http://www.hibernate.org/">Hibernate</a>.
Hibernate is <a href="http://www.gnu.org/licenses/old-licenses/lgpl-2.1.html">LGPL v2.1</a> licensed
with specific <a href="http://www.hibernate.org/356.html">clarifications</a>.
As a user of this library you must decide how the LGPL applies to you.
</p>
<p>
As is normal with the <a href="license.html">Apache 2.0 license</a>, a
NOTICE file exists for Joda-Time Hibernate support:
<source>
=============================================================================
= NOTICE file corresponding to section 4d of the Apache License Version 2.0 =
=============================================================================
This product includes software developed by
Joda.org (http://www.joda.org/).
</source>
</p>
</section>

</body>
</document>
