<?xml version="1.0"?>

<document>
 <properties>
  <title>Java date and time API - Hibernate support - Tasks outstanding</title>
  <author>Stephen Colebourne</author>
 </properties>

 <body>

<section name="Tasks outstanding">
<p>
Joda-Time-Hibernate is a contributed project.
This means that it is not maintained by the main Joda-Time authors in the same way.
Contributions are directly welcomed, as would be a regular maintainer.
</p>
<p>
Contact the mailing lists for more details or to help.
</p>
</section>

 </body>
</document>
